<?xml version="1.0" encoding="UTF-8"?>
<project-private xmlns="http://www.netbeans.org/ns/project-private/1">
    <editor-bookmarks xmlns="http://www.netbeans.org/ns/editor-bookmarks/2" lastBookmarkId="0"/>
    <open-files xmlns="http://www.netbeans.org/ns/projectui-open-files/2">
        <group>
            <file>file:/E:/Learn/PRO192/ProPe192/Đề1/PE%20PRO/PRO192_PE_FA21_B5_137170/PaperNo_5/2/src/Crane.java</file>
            <file>file:/E:/Learn/PRO192/ProPe192/Đề1/PE%20PRO/PRO192_PE_FA21_B5_137170/PaperNo_5/2/src/SpecCrane.java</file>
        </group>
    </open-files>
</project-private>
