<?xml version="1.0" encoding="UTF-8"?>
<project-private xmlns="http://www.netbeans.org/ns/project-private/1">
    <editor-bookmarks xmlns="http://www.netbeans.org/ns/editor-bookmarks/2" lastBookmarkId="0"/>
    <open-files xmlns="http://www.netbeans.org/ns/projectui-open-files/2">
        <group>
            <file>file:/D:/PRO192_C2PE_SU23_722099/PaperNo_6/2/src/SpecRobot.java</file>
            <file>file:/D:/PRO192_C2PE_SU23_722099/PaperNo_6/2/src/Robot.java</file>
        </group>
    </open-files>
</project-private>
